,country,year,population,cont,life_exp,gdp,year,population,cont,life_exp,gdp,gdp,year,population,cont,life_exp,gdp
11,Afghanistan,2007,31889923,Asia,43.828,974.5803384,2007,31889923,Asia,43.828,974.5803384,974.5803384,2007,31889923,Asia,43.828,974.5803384
23,Albania,2007,3600523,Europe,76.423,5937.029526,2007,3600523,Europe,76.423,5937.029526,5937.029526,2007,3600523,Europe,76.423,5937.029526
35,Algeria,2007,33333216,Africa,72.301,6223.367465,2007,33333216,Africa,72.301,6223.367465,6223.367465,2007,33333216,Africa,72.301,6223.367465
